<application>
  <component name="aminer-codegeex">
    <option name="serverConfig">
      <JsonObject />
    </option>
    <option name="telemetryEnabled" value="true" />
    <option name="telemetryConfigured" value="true" />
    <option name="macAddress" value="30-C9-AB-C2-0E-D3" />
    <option name="configCacheSeconds" value="43200" />
    <option name="minCompletionDelay" value="200" />
    <option name="autoUpdateVersion" value="2.14.1" />
    <option name="autoUpdateProperty" value="{&quot;auto&quot;:true, &quot;is_force&quot;:false}" />
    <option name="promptLimitTestingEnabled" value="1" />
    <option name="promptLimitTestingPrefix" value="1024" />
    <option name="promptLimitTestingSuffix" value="256" />
    <option name="codegeexLite" value="codegeex-4" />
    <option name="codegeexPro" value="codegeex-4" />
    <option name="serverConfigString" value="{&quot;config&quot;:{&quot;2023YearReport&quot;:&quot;0&quot;,&quot;BlockParsingMode&quot;:&quot;1&quot;,&quot;Candidates&quot;:&quot;1&quot;,&quot;CommandList&quot;:&quot;[\&quot;explain\&quot;,\&quot;comment\&quot;,\&quot;fixbug\&quot;,\&quot;tests\&quot;, \&quot;code_check\&quot;]&quot;,&quot;CompletionDelay&quot;:&quot;200&quot;,&quot;CompletionV3&quot;:&quot;1&quot;,&quot;Ext.AdjustedCompletionDelay&quot;:&quot;300&quot;,&quot;Ext.ContextConfig&quot;:&quot;&quot;,&quot;Ext.ContextStategy&quot;:&quot;{\&quot;maxLine\&quot;:150,\&quot;languages\&quot;:[\&quot;javascript\&quot;,\&quot;python\&quot;,\&quot;java\&quot;,\&quot;typescript\&quot;],\&quot;policyGroupName\&quot;:\&quot;POLICY-GROUP-1\&quot;,\&quot;policyGroup\&quot;:[{\&quot;name\&quot;:\&quot;MostSimilarFilePolicy\&quot;,\&quot;weight\&quot;:1,\&quot;promptPrefix\&quot;:\&quot;Consider this code snippet as a reference\&quot;,\&quot;extra\&quot;:{\&quot;winSize\&quot;:20,\&quot;threshold\&quot;:0.7}},{\&quot;name\&quot;:\&quot;RecentFilesPolicy\&quot;,\&quot;weight\&quot;:1,\&quot;promptPrefix\&quot;:\&quot;Consider this code snippet as a reference\&quot;,\&quot;extra\&quot;:{\&quot;maxFiles\&quot;:5}}]}&quot;,&quot;Ext.DynamicBanner&quot;:&quot;{\n        \&quot;key\&quot;: \&quot;20240801-qingying\&quot;,\n        \&quot;type\&quot;: \&quot;media\&quot;,\n        \&quot;enable\&quot;: true,\n        \&quot;title\&quot;: \&quot;\&quot;,\n        \&quot;media\&quot;: {\n            \&quot;default\&quot;: \&quot;https://sfile.chatglm.cn/chatglm_storage/prod/6584fbbc414db03e2e3656f2/dark_theme.png\&quot;,\n            \&quot;light\&quot;: \&quot;https://sfile.chatglm.cn/chatglm_storage/prod/6584fbbc414db03e2e3656f2/bright_color_theme1.png\&quot;\n        },\n        \&quot;link\&quot;: \&quot;https://chatglm.cn/video?fr=opt_codegeex\&quot;\n    }&quot;,&quot;Ext.GenerationPreference&quot;:&quot;Automatic&quot;,&quot;Ext.ModelConfig&quot;:&quot;{\&quot;codegeex-chat-lite\&quot;: \&quot;codegeex-4\&quot;, \&quot;codegeex-chat-pro\&quot;: \&quot;codegeex-chat-pro\&quot;, \&quot;codegeex-lite\&quot;: \&quot;codegeex-4\&quot;, \&quot;codegeex-pro\&quot;: \&quot;codegeex-4\&quot;}&quot;,&quot;Ext.OnlineSearch&quot;:&quot;1&quot;,&quot;Ext.PromptLimitTesting&quot;:&quot;{\&quot;enable\&quot;: 1, \&quot;prefix\&quot;: 1024, \&quot;suffix\&quot;: 256}&quot;,&quot;Ext.Sentry&quot;:&quot;1&quot;,&quot;Ext.UseChatTempPlaceholder&quot;:&quot;0&quot;,&quot;Ext.UseSimilarFileForPrompt&quot;:&quot;1&quot;,&quot;Jetbrains.2.14.0&quot;:&quot;{\&quot;auto\&quot;:true, \&quot;is_force\&quot;:false}&quot;,&quot;Jetbrains.2.14.1&quot;:&quot;{\&quot;auto\&quot;:true, \&quot;is_force\&quot;:false}&quot;,&quot;Jetbrains.2.7.3&quot;:&quot;{ \&quot;auto\&quot;: true, \&quot;is_force\&quot;: false }&quot;,&quot;Jetbrains.AutoUpdateVersion&quot;:&quot;2.14.1&quot;,&quot;RAG.repoCommand&quot;:&quot;1&quot;,&quot;Toolbox&quot;:&quot;1&quot;,&quot;TrimWithAST&quot;:&quot;0&quot;},&quot;experiment&quot;:{&quot;exp_id&quot;:&quot;&quot;,&quot;variant_id&quot;:&quot;&quot;,&quot;is_exp_active&quot;:false}}" />
    <option name="configString" value="{&quot;2023YearReport&quot;:&quot;0&quot;,&quot;BlockParsingMode&quot;:&quot;1&quot;,&quot;Candidates&quot;:&quot;1&quot;,&quot;CommandList&quot;:&quot;[\&quot;explain\&quot;,\&quot;comment\&quot;,\&quot;fixbug\&quot;,\&quot;tests\&quot;, \&quot;code_check\&quot;]&quot;,&quot;CompletionDelay&quot;:&quot;200&quot;,&quot;CompletionV3&quot;:&quot;1&quot;,&quot;Ext.AdjustedCompletionDelay&quot;:&quot;300&quot;,&quot;Ext.ContextConfig&quot;:&quot;&quot;,&quot;Ext.ContextStategy&quot;:&quot;{\&quot;maxLine\&quot;:150,\&quot;languages\&quot;:[\&quot;javascript\&quot;,\&quot;python\&quot;,\&quot;java\&quot;,\&quot;typescript\&quot;],\&quot;policyGroupName\&quot;:\&quot;POLICY-GROUP-1\&quot;,\&quot;policyGroup\&quot;:[{\&quot;name\&quot;:\&quot;MostSimilarFilePolicy\&quot;,\&quot;weight\&quot;:1,\&quot;promptPrefix\&quot;:\&quot;Consider this code snippet as a reference\&quot;,\&quot;extra\&quot;:{\&quot;winSize\&quot;:20,\&quot;threshold\&quot;:0.7}},{\&quot;name\&quot;:\&quot;RecentFilesPolicy\&quot;,\&quot;weight\&quot;:1,\&quot;promptPrefix\&quot;:\&quot;Consider this code snippet as a reference\&quot;,\&quot;extra\&quot;:{\&quot;maxFiles\&quot;:5}}]}&quot;,&quot;Ext.DynamicBanner&quot;:&quot;{\n        \&quot;key\&quot;: \&quot;20240801-qingying\&quot;,\n        \&quot;type\&quot;: \&quot;media\&quot;,\n        \&quot;enable\&quot;: true,\n        \&quot;title\&quot;: \&quot;\&quot;,\n        \&quot;media\&quot;: {\n            \&quot;default\&quot;: \&quot;https://sfile.chatglm.cn/chatglm_storage/prod/6584fbbc414db03e2e3656f2/dark_theme.png\&quot;,\n            \&quot;light\&quot;: \&quot;https://sfile.chatglm.cn/chatglm_storage/prod/6584fbbc414db03e2e3656f2/bright_color_theme1.png\&quot;\n        },\n        \&quot;link\&quot;: \&quot;https://chatglm.cn/video?fr=opt_codegeex\&quot;\n    }&quot;,&quot;Ext.GenerationPreference&quot;:&quot;Automatic&quot;,&quot;Ext.ModelConfig&quot;:&quot;{\&quot;codegeex-chat-lite\&quot;: \&quot;codegeex-4\&quot;, \&quot;codegeex-chat-pro\&quot;: \&quot;codegeex-chat-pro\&quot;, \&quot;codegeex-lite\&quot;: \&quot;codegeex-4\&quot;, \&quot;codegeex-pro\&quot;: \&quot;codegeex-4\&quot;}&quot;,&quot;Ext.OnlineSearch&quot;:&quot;1&quot;,&quot;Ext.PromptLimitTesting&quot;:&quot;{\&quot;enable\&quot;: 1, \&quot;prefix\&quot;: 1024, \&quot;suffix\&quot;: 256}&quot;,&quot;Ext.Sentry&quot;:&quot;1&quot;,&quot;Ext.UseChatTempPlaceholder&quot;:&quot;0&quot;,&quot;Ext.UseSimilarFileForPrompt&quot;:&quot;1&quot;,&quot;Jetbrains.2.14.0&quot;:&quot;{\&quot;auto\&quot;:true, \&quot;is_force\&quot;:false}&quot;,&quot;Jetbrains.2.14.1&quot;:&quot;{\&quot;auto\&quot;:true, \&quot;is_force\&quot;:false}&quot;,&quot;Jetbrains.2.7.3&quot;:&quot;{ \&quot;auto\&quot;: true, \&quot;is_force\&quot;: false }&quot;,&quot;Jetbrains.AutoUpdateVersion&quot;:&quot;2.14.1&quot;,&quot;RAG.repoCommand&quot;:&quot;1&quot;,&quot;Toolbox&quot;:&quot;1&quot;,&quot;TrimWithAST&quot;:&quot;0&quot;}" />
    <option name="lastPluginVersion" value="2.14.1-223" />
  </component>
</application>