<application>
  <component name="CosySettings">
    <option name="parameter">
      <ChangeUserSettingParams>
        <option name="allowReportUsage" value="true" />
        <option name="cloud">
          <CloudModelParam>
            <option name="autoTrigger">
              <CloudModelAutoTrigger>
                <option name="enable" value="true" />
                <option name="generateLength" value="level_1" />
                <option name="modelLevel" value="large" />
              </CloudModelAutoTrigger>
            </option>
            <option name="enable" value="true" />
            <option name="manualTrigger">
              <CloudModelManualTrigger>
                <option name="generateLength" value="level_2" />
                <option name="modelLevel" value="large" />
              </CloudModelManualTrigger>
            </option>
          </CloudModelParam>
        </option>
        <option name="local">
          <LocalModelParam>
            <option name="enable" value="false" />
            <option name="inferenceMode" value="auto" />
            <option name="maxCandidateNum" value="3" />
          </LocalModelParam>
        </option>
      </ChangeUserSettingParams>
    </option>
    <option name="recentQueries">
      <map>
        <entry key="scs-api-sg|1836766362378098">
          <value>
            <list>
              <option value="/explain code" />
              <option value="逐行解釋" />
              <option value="/explain code" />
              <option value="&lt;select id=&quot;findEntryExitRecords&quot; resultType=&quot;com.vcom.iw.model.IwDoorLog&quot;&gt;&#10;    SELECT&#10;       a.event_time AS eventTime,&#10;               a.person_name AS personName,&#10;               CASE&#10;                 WHEN in_and_out_type = 1 THEN '进厂'&#10;                 WHEN in_and_out_type = 0 THEN '出厂'&#10;                 END AS inAndOutType,&#10;               CASE&#10;                 WHEN a.door_name LIKE '3号门%' THEN '生产区大门'&#10;                 WHEN a.door_name LIKE '4号门%' THEN '南门'&#10;                 when a.door_name like '1号门%' THEN '电厂大门'&#10;                 when a.door_name like '5号门%' THEN '生活区大门'&#10;                 END AS doorName,&#10;                 f.name AS cname&#10;    FROM iw_door_log a&#10;           LEFT JOIN sys_user b ON a.card_no = b.id&#10;           LEFT JOIN sys_dept f ON b.dept_id = f.id&#10;    ORDER BY a.event_time DESC&#10;      LIMIT 10&#10;  &lt;/select&gt;" />
              <option value="&lt;select id=&quot;findEntryExitRecords&quot; resultType=&quot;com.vcom.iw.model.IwDoorLog&quot;&gt;&#10;    SELECT&#10;       a.event_time AS eventTime,&#10;               a.person_name AS personName,&#10;               CASE&#10;                 WHEN in_and_out_type = 1 THEN '进厂'&#10;                 WHEN in_and_out_type = 0 THEN '出厂'&#10;                 END AS inAndOutType,&#10;               CASE&#10;                 WHEN a.door_name LIKE '3号门%' THEN '生产区大门'&#10;                 WHEN a.door_name LIKE '4号门%' THEN '南门'&#10;                 when a.door_name like '1号门%' THEN '电厂大门'&#10;                 when a.door_name like '5号门%' THEN '生活区大门'&#10;                 END AS doorName,&#10;                 f.name AS cname&#10;    FROM iw_door_log a&#10;           LEFT JOIN sys_user b ON a.card_no = b.id&#10;           LEFT JOIN sys_dept f ON b.dept_id = f.id&#10;    ORDER BY a.event_time DESC&#10;      LIMIT 10&#10;  &lt;/select&gt;上述sql很慢，有什么需要改进的地方吗" />
            </list>
          </value>
        </entry>
      </map>
    </option>
    <option name="showInlineAcceptTips" value="false" />
  </component>
</application>