<application>
  <component name="SettingsSyncSettings">
    <option name="disabledSubcategories">
      <map>
        <entry key="PLUGINS">
          <value>
            <list>
              <option value="Statistic" />
              <option value="co.bito.bito-intellij" />
              <option value="co.fitten.fittencode-intellij-beta" />
              <option value="com.alibabacloud.intellij.cosy" />
              <option value="com.apifox.uploader" />
              <option value="com.baomidou.plugin.idea.mybatisx" />
              <option value="com.intellij.dubbo" />
              <option value="com.intellij.ml.llm" />
              <option value="com.intellij.spring.websocket" />
              <option value="com.markskelton.one-dark-theme" />
              <option value="leetcode-helper" />
              <option value="mobi.hsz.idea.gitignore" />
              <option value="org.intellij.gitee" />
            </list>
          </value>
        </entry>
      </map>
    </option>
    <option name="migrationFromOldStorageChecked" value="true" />
    <option name="syncEnabled" value="true" />
  </component>
</application>