<application>
  <component name="Translation.Cache">
    <option name="lastTrimTime" value="1725354678340" />
  </component>
  <component name="Translation.States">
    <histories>
      <item value="socket" />
      <item value="administrative" />
      <item value="intelligent" />
      <item value="strategy" />
      <item value="PARTIAL" />
      <item value="AUTHORITATIVE" />
      <item value="SC NON AUTHORITATIVE INFORMATION" />
      <item value="Switching Protocols" />
    </histories>
    <option name="languageScores">
      <map>
        <entry key="CHINESE" value="7" />
        <entry key="ENGLISH" value="8" />
      </map>
    </option>
  </component>
</application>